取引時期,市区町村名,取引価格（㎡単価）
2021年第1四半期,あきる野市,69869.23076923077
2021年第1四半期,三宅村,3000.0
2021年第1四半期,三鷹市,426136.36363636365
2021年第1四半期,世田谷区,683912.4087591241
2021年第1四半期,中央区,2375000.0
2021年第1四半期,中野区,646250.0
2021年第1四半期,八丈町,4333.333333333333
2021年第1四半期,八王子市,141004.0
2021年第1四半期,北区,573500.0
2021年第1四半期,千代田区,2900000.0
2021年第1四半期,台東区,1148333.3333333333
2021年第1四半期,品川区,901666.6666666666
2021年第1四半期,国分寺市,321000.0
2021年第1四半期,国立市,316000.0
2021年第1四半期,墨田区,719200.0
2021年第1四半期,多摩市,183894.73684210525
2021年第1四半期,大島町,6800.0
2021年第1四半期,大田区,625600.0
2021年第1四半期,小平市,226033.33333333334
2021年第1四半期,小金井市,407000.0
2021年第1四半期,府中市,362285.71428571426
2021年第1四半期,文京区,1016296.2962962963
2021年第1四半期,新宿区,1268709.677419355
2021年第1四半期,新島村,2800.0
2021年第1四半期,日野市,151051.85185185185
2021年第1四半期,昭島市,181882.35294117648
2021年第1四半期,杉並区,608791.6666666666
2021年第1四半期,東久留米市,224487.5
2021年第1四半期,東大和市,125076.92307692308
2021年第1四半期,東村山市,230160.0
2021年第1四半期,板橋区,493473.6842105263
2021年第1四半期,武蔵村山市,109846.15384615384
2021年第1四半期,武蔵野市,521764.70588235295
2021年第1四半期,江戸川区,340475.0
2021年第1四半期,江東区,736400.0
2021年第1四半期,清瀬市,161861.11111111112
2021年第1四半期,渋谷区,1148000.0
2021年第1四半期,港区,4188888.888888889
2021年第1四半期,狛江市,347500.0
2021年第1四半期,町田市,146309.80392156861
2021年第1四半期,目黒区,931860.4651162791
2021年第1四半期,福生市,117333.33333333333
2021年第1四半期,稲城市,256000.0
2021年第1四半期,立川市,230952.38095238095
2021年第1四半期,練馬区,431802.8169014084
2021年第1四半期,羽村市,95750.0
2021年第1四半期,荒川区,407636.36363636365
2021年第1四半期,葛飾区,349377.77777777775
2021年第1四半期,西多摩郡奥多摩町,19500.0
2021年第1四半期,西多摩郡日の出町,89333.33333333333
2021年第1四半期,西多摩郡檜原村,6000.0
2021年第1四半期,西多摩郡瑞穂町,89125.0
2021年第1四半期,西東京市,276521.73913043475
2021年第1四半期,調布市,383346.1538461539
2021年第1四半期,豊島区,711851.8518518518
2021年第1四半期,足立区,327796.6101694915
2021年第1四半期,青梅市,84791.66666666667
2021年第2四半期,あきる野市,65456.25
2021年第2四半期,三宅村,4900.0
2021年第2四半期,三鷹市,457142.85714285716
2021年第2四半期,世田谷区,703580.9523809524
2021年第2四半期,中野区,711785.7142857143
2021年第2四半期,八丈町,7866.666666666667
2021年第2四半期,八王子市,145129.0909090909
2021年第2四半期,北区,689448.275862069
2021年第2四半期,千代田区,4400000.0
2021年第2四半期,台東区,1116666.6666666667
2021年第2四半期,品川区,940967.7419354839
2021年第2四半期,国分寺市,379875.0
2021年第2四半期,国立市,327500.0
2021年第2四半期,墨田区,870000.0
2021年第2四半期,多摩市,194000.0
2021年第2四半期,大島町,3550.0
2021年第2四半期,大田区,573397.2602739726
2021年第2四半期,小平市,239088.23529411765
2021年第2四半期,小金井市,325714.28571428574
2021年第2四半期,府中市,317391.3043478261
2021年第2四半期,文京区,1017058.8235294118
2021年第2四半期,新宿区,891500.0
2021年第2四半期,新島村,2630.0
2021年第2四半期,日野市,196160.0
2021年第2四半期,昭島市,208235.29411764705
2021年第2四半期,杉並区,595915.4929577465
2021年第2四半期,東久留米市,222083.33333333334
2021年第2四半期,東大和市,129800.0
2021年第2四半期,東村山市,159681.25
2021年第2四半期,板橋区,570571.4285714285
2021年第2四半期,武蔵村山市,113857.14285714286
2021年第2四半期,武蔵野市,570952.380952381
2021年第2四半期,江戸川区,441904.7619047619
2021年第2四半期,江東区,952647.0588235294
2021年第2四半期,清瀬市,146916.66666666666
2021年第2四半期,渋谷区,1240833.3333333333
2021年第2四半期,港区,2944285.714285714
2021年第2四半期,狛江市,441250.0
2021年第2四半期,町田市,165744.89795918367
2021年第2四半期,目黒区,942857.1428571428
2021年第2四半期,福生市,150800.0
2021年第2四半期,稲城市,204166.66666666666
2021年第2四半期,立川市,238851.85185185185
2021年第2四半期,練馬区,450631.8181818182
2021年第2四半期,羽村市,146000.0
2021年第2四半期,荒川区,540967.7419354839
2021年第2四半期,葛飾区,327270.2702702703
2021年第2四半期,西多摩郡日の出町,62333.333333333336
2021年第2四半期,西多摩郡檜原村,9500.0
2021年第2四半期,西多摩郡瑞穂町,91384.61538461539
2021年第2四半期,西東京市,272272.7272727273
2021年第2四半期,調布市,357600.0
2021年第2四半期,豊島区,837368.4210526316
2021年第2四半期,足立区,322173.9130434783
2021年第2四半期,青梅市,115352.14285714286
2021年第3四半期,あきる野市,81200.0
2021年第3四半期,三鷹市,408666.6666666667
2021年第3四半期,世田谷区,724017.094017094
2021年第3四半期,中央区,2404285.714285714
2021年第3四半期,中野区,717931.0344827586
2021年第3四半期,八丈町,12000.0
2021年第3四半期,八王子市,135181.0344827586
2021年第3四半期,北区,541000.0
2021年第3四半期,千代田区,4000000.0
2021年第3四半期,台東区,1115333.3333333333
2021年第3四半期,品川区,1113703.7037037036
2021年第3四半期,国分寺市,282962.962962963
2021年第3四半期,国立市,358333.3333333333
2021年第3四半期,墨田区,875894.7368421053
2021年第3四半期,多摩市,150125.0
2021年第3四半期,大島町,850.0
2021年第3四半期,大田区,640563.3802816902
2021年第3四半期,小平市,240869.5652173913
2021年第3四半期,小笠原村,62000.0
2021年第3四半期,小金井市,385000.0
2021年第3四半期,府中市,295185.18518518517
2021年第3四半期,文京区,1552000.0
2021年第3四半期,新宿区,1041153.8461538461
2021年第3四半期,日野市,213076.92307692306
2021年第3四半期,昭島市,185466.66666666666
2021年第3四半期,杉並区,656547.619047619
2021年第3四半期,東久留米市,226842.1052631579
2021年第3四半期,東大和市,167933.33333333334
2021年第3四半期,東村山市,206555.55555555556
2021年第3四半期,板橋区,454425.5319148936
2021年第3四半期,武蔵村山市,123500.0
2021年第3四半期,武蔵野市,579000.0
2021年第3四半期,江戸川区,374473.07692307694
2021年第3四半期,江東区,899173.9130434783
2021年第3四半期,清瀬市,182727.27272727274
2021年第3四半期,渋谷区,1306000.0
2021年第3四半期,港区,4171428.5714285714
2021年第3四半期,狛江市,305000.0
2021年第3四半期,町田市,161410.2564102564
2021年第3四半期,目黒区,1067407.4074074074
2021年第3四半期,福生市,141875.0
2021年第3四半期,稲城市,201666.66666666666
2021年第3四半期,立川市,290931.0344827586
2021年第3四半期,練馬区,436796.875
2021年第3四半期,羽村市,166000.0
2021年第3四半期,荒川区,562481.4814814815
2021年第3四半期,葛飾区,343333.3333333333
2021年第3四半期,西多摩郡奥多摩町,19000.0
2021年第3四半期,西多摩郡日の出町,75000.0
2021年第3四半期,西多摩郡瑞穂町,90000.0
2021年第3四半期,西東京市,339285.71428571426
2021年第3四半期,調布市,304516.12903225806
2021年第3四半期,豊島区,796538.4615384615
2021年第3四半期,足立区,325485.71428571426
2021年第3四半期,青梅市,87432.72727272728
2021年第4四半期,あきる野市,101700.0
2021年第4四半期,三鷹市,468437.5
2021年第4四半期,世田谷区,736321.8390804598
2021年第4四半期,中央区,4533333.333333333
2021年第4四半期,中野区,708064.5161290322
2021年第4四半期,八王子市,140470.0
2021年第4四半期,北区,582964.2857142857
2021年第4四半期,千代田区,2200000.0
2021年第4四半期,台東区,1167142.857142857
2021年第4四半期,品川区,972121.2121212122
2021年第4四半期,国分寺市,329166.6666666667
2021年第4四半期,国立市,353636.36363636365
2021年第4四半期,墨田区,879580.6451612903
2021年第4四半期,多摩市,180555.55555555556
2021年第4四半期,大島町,4000.0
2021年第4四半期,大田区,650443.0379746836
2021年第4四半期,小平市,275555.55555555556
2021年第4四半期,小笠原村,24333.333333333332
2021年第4四半期,小金井市,393750.0
2021年第4四半期,府中市,347187.5
2021年第4四半期,文京区,1208750.0
2021年第4四半期,新宿区,1165555.5555555555
2021年第4四半期,日野市,226166.66666666666
2021年第4四半期,昭島市,192937.5
2021年第4四半期,杉並区,630000.0
2021年第4四半期,東久留米市,222916.66666666666
2021年第4四半期,東大和市,163777.77777777778
2021年第4四半期,東村山市,178111.11111111112
2021年第4四半期,板橋区,504615.3846153846
2021年第4四半期,武蔵村山市,123000.0
2021年第4四半期,武蔵野市,507692.3076923077
2021年第4四半期,江戸川区,376666.6666666667
2021年第4四半期,江東区,747916.6666666666
2021年第4四半期,清瀬市,188411.76470588235
2021年第4四半期,渋谷区,2254090.909090909
2021年第4四半期,港区,2180000.0
2021年第4四半期,狛江市,302857.14285714284
2021年第4四半期,町田市,173371.79487179487
2021年第4四半期,目黒区,1023333.3333333334
2021年第4四半期,神津島村,20000.0
2021年第4四半期,福生市,158333.33333333334
2021年第4四半期,稲城市,203900.0
2021年第4四半期,立川市,224233.33333333334
2021年第4四半期,練馬区,443415.09433962265
2021年第4四半期,羽村市,134700.0
2021年第4四半期,荒川区,613333.3333333334
2021年第4四半期,葛飾区,341389.83050847455
2021年第4四半期,西多摩郡奥多摩町,10033.333333333334
2021年第4四半期,西多摩郡日の出町,100000.0
2021年第4四半期,西多摩郡瑞穂町,98400.0
2021年第4四半期,西東京市,317304.347826087
2021年第4四半期,調布市,367684.2105263158
2021年第4四半期,豊島区,962733.3333333334
2021年第4四半期,足立区,452285.71428571426
2021年第4四半期,青梅市,91400.0
2022年第1四半期,あきる野市,86706.25
2022年第1四半期,三鷹市,513888.8888888889
2022年第1四半期,世田谷区,811348.3146067415
2022年第1四半期,中央区,1704000.0
2022年第1四半期,中野区,720384.6153846154
2022年第1四半期,八丈町,8800.0
2022年第1四半期,八王子市,133142.85714285713
2022年第1四半期,北区,626857.1428571428
2022年第1四半期,千代田区,5500000.0
2022年第1四半期,台東区,1138500.0
2022年第1四半期,品川区,900645.1612903225
2022年第1四半期,国分寺市,420000.0
2022年第1四半期,国立市,379090.9090909091
2022年第1四半期,墨田区,756875.0
2022年第1四半期,多摩市,146777.77777777778
2022年第1四半期,大島町,9725.0
2022年第1四半期,大田区,615862.0689655172
2022年第1四半期,小平市,255136.36363636365
2022年第1四半期,小金井市,372142.85714285716
2022年第1四半期,府中市,303333.3333333333
2022年第1四半期,文京区,1192222.2222222222
2022年第1四半期,新宿区,1088846.1538461538
2022年第1四半期,日野市,175842.1052631579
2022年第1四半期,昭島市,177535.7142857143
2022年第1四半期,杉並区,637142.8571428572
2022年第1四半期,東久留米市,190000.0
2022年第1四半期,東大和市,177937.5
2022年第1四半期,東村山市,197692.3076923077
2022年第1四半期,板橋区,598484.8484848485
2022年第1四半期,武蔵村山市,130076.92307692308
2022年第1四半期,武蔵野市,607391.304347826
2022年第1四半期,江戸川区,390350.0
2022年第1四半期,江東区,1044000.0
2022年第1四半期,清瀬市,194545.45454545456
2022年第1四半期,渋谷区,1617692.3076923077
2022年第1四半期,港区,2163333.3333333335
2022年第1四半期,狛江市,382000.0
2022年第1四半期,町田市,170652.1739130435
2022年第1四半期,目黒区,1260909.0909090908
2022年第1四半期,神津島村,10000.0
2022年第1四半期,福生市,117666.66666666667
2022年第1四半期,稲城市,238000.0
2022年第1四半期,立川市,271809.5238095238
2022年第1四半期,練馬区,445918.36734693876
2022年第1四半期,羽村市,185000.0
2022年第1四半期,荒川区,748148.1481481482
2022年第1四半期,葛飾区,387275.0
2022年第1四半期,西多摩郡奥多摩町,29000.0
2022年第1四半期,西多摩郡檜原村,12000.0
2022年第1四半期,西多摩郡瑞穂町,153888.88888888888
2022年第1四半期,西東京市,321608.6956521739
2022年第1四半期,調布市,382821.4285714286
2022年第1四半期,豊島区,938275.8620689656
2022年第1四半期,足立区,463939.3939393939
2022年第1四半期,青梅市,85080.76923076923
2022年第2四半期,あきる野市,101666.66666666667
2022年第2四半期,三鷹市,496956.52173913043
2022年第2四半期,世田谷区,726000.0
2022年第2四半期,中央区,460000.0
2022年第2四半期,中野区,797037.0370370371
2022年第2四半期,八丈町,17750.0
2022年第2四半期,八王子市,139736.17021276595
2022年第2四半期,北区,637619.0476190476
2022年第2四半期,千代田区,1600000.0
2022年第2四半期,台東区,1308666.6666666667
2022年第2四半期,品川区,1004117.6470588235
2022年第2四半期,国分寺市,333176.4705882353
2022年第2四半期,国立市,500000.0
2022年第2四半期,墨田区,737000.0
2022年第2四半期,多摩市,208400.0
2022年第2四半期,大島町,6550.0
2022年第2四半期,大田区,712877.1929824562
2022年第2四半期,小平市,248947.36842105264
2022年第2四半期,小金井市,306500.0
2022年第2四半期,府中市,301666.6666666667
2022年第2四半期,文京区,1304615.3846153845
2022年第2四半期,新宿区,1145555.5555555555
2022年第2四半期,新島村,5800.0
2022年第2四半期,日野市,213230.76923076922
2022年第2四半期,昭島市,156470.58823529413
2022年第2四半期,杉並区,683114.7540983607
2022年第2四半期,東久留米市,264545.45454545453
2022年第2四半期,東大和市,185166.66666666666
2022年第2四半期,東村山市,227272.72727272726
2022年第2四半期,板橋区,554190.4761904762
2022年第2四半期,武蔵村山市,160181.81818181818
2022年第2四半期,武蔵野市,581000.0
2022年第2四半期,江戸川区,401911.1111111111
2022年第2四半期,江東区,657733.3333333334
2022年第2四半期,清瀬市,227000.0
2022年第2四半期,渋谷区,1484705.8823529412
2022年第2四半期,港区,2275000.0
2022年第2四半期,狛江市,322000.0
2022年第2四半期,町田市,180560.3448275862
2022年第2四半期,目黒区,900880.0
2022年第2四半期,福生市,166666.66666666666
2022年第2四半期,稲城市,283333.3333333333
2022年第2四半期,立川市,234485.7142857143
2022年第2四半期,練馬区,465714.28571428574
2022年第2四半期,羽村市,149166.66666666666
2022年第2四半期,荒川区,591935.4838709678
2022年第2四半期,葛飾区,387241.3793103448
2022年第2四半期,西多摩郡日の出町,19000.0
2022年第2四半期,西多摩郡瑞穂町,77990.90909090909
2022年第2四半期,西東京市,351250.0
2022年第2四半期,調布市,386111.1111111111
2022年第2四半期,豊島区,886315.7894736842
2022年第2四半期,足立区,381296.2962962963
2022年第2四半期,青梅市,102260.0
2022年第3四半期,あきる野市,108157.8947368421
2022年第3四半期,三宅村,3400.0
2022年第3四半期,三鷹市,409257.14285714284
2022年第3四半期,世田谷区,828833.3333333334
2022年第3四半期,中央区,2606666.6666666665
2022年第3四半期,中野区,742758.6206896552
2022年第3四半期,八丈町,6966.0
2022年第3四半期,八王子市,116784.61538461539
2022年第3四半期,北区,732333.3333333334
2022年第3四半期,千代田区,2700000.0
2022年第3四半期,台東区,1380000.0
2022年第3四半期,品川区,954294.1176470588
2022年第3四半期,国分寺市,320307.6923076923
2022年第3四半期,国立市,393636.36363636365
2022年第3四半期,墨田区,694761.9047619047
2022年第3四半期,多摩市,260000.0
2022年第3四半期,大島町,12000.0
2022年第3四半期,大田区,658833.3333333334
2022年第3四半期,小平市,326666.6666666667
2022年第3四半期,小金井市,340000.0
2022年第3四半期,府中市,321636.36363636365
2022年第3四半期,文京区,1281250.0
2022年第3四半期,新宿区,844736.8421052631
2022年第3四半期,新島村,5186.666666666667
2022年第3四半期,日野市,230000.0
2022年第3四半期,昭島市,216000.0
2022年第3四半期,杉並区,644254.2372881356
2022年第3四半期,東久留米市,312466.6666666667
2022年第3四半期,東大和市,181333.33333333334
2022年第3四半期,東村山市,222380.95238095237
2022年第3四半期,板橋区,552731.7073170731
2022年第3四半期,武蔵村山市,114000.0
2022年第3四半期,武蔵野市,656666.6666666666
2022年第3四半期,江戸川区,386439.0243902439
2022年第3四半期,江東区,757473.6842105263
2022年第3四半期,清瀬市,259555.55555555556
2022年第3四半期,渋谷区,2110588.2352941176
2022年第3四半期,港区,2842857.1428571427
2022年第3四半期,狛江市,334000.0
2022年第3四半期,町田市,153190.9090909091
2022年第3四半期,目黒区,1093750.0
2022年第3四半期,福生市,158333.33333333334
2022年第3四半期,稲城市,162500.0
2022年第3四半期,立川市,430650.0
2022年第3四半期,練馬区,487031.25
2022年第3四半期,羽村市,168333.33333333334
2022年第3四半期,荒川区,599615.3846153846
2022年第3四半期,葛飾区,351842.1052631579
2022年第3四半期,西多摩郡日の出町,51500.0
2022年第3四半期,西多摩郡檜原村,12000.0
2022年第3四半期,西多摩郡瑞穂町,88785.71428571429
2022年第3四半期,西東京市,307692.3076923077
2022年第3四半期,調布市,367066.6666666667
2022年第3四半期,豊島区,1161000.0
2022年第3四半期,足立区,378304.347826087
2022年第3四半期,青梅市,88714.28571428571
2022年第4四半期,あきる野市,86578.94736842105
2022年第4四半期,三鷹市,437500.0
2022年第4四半期,世田谷区,796190.4761904762
2022年第4四半期,中央区,3475000.0
2022年第4四半期,中野区,706666.6666666666
2022年第4四半期,八王子市,166959.5744680851
2022年第4四半期,北区,593233.3333333334
2022年第4四半期,千代田区,2400000.0
2022年第4四半期,台東区,1440555.5555555555
2022年第4四半期,品川区,1074782.608695652
2022年第4四半期,国分寺市,339230.76923076925
2022年第4四半期,国立市,403333.3333333333
2022年第4四半期,墨田区,755047.619047619
2022年第4四半期,多摩市,223750.0
2022年第4四半期,大島町,7300.0
2022年第4四半期,大田区,656245.6140350878
2022年第4四半期,小平市,248000.0
2022年第4四半期,小金井市,240000.0
2022年第4四半期,府中市,435000.0
2022年第4四半期,文京区,1345000.0
2022年第4四半期,新宿区,944047.619047619
2022年第4四半期,新島村,5700.0
2022年第4四半期,日野市,160738.09523809524
2022年第4四半期,昭島市,229812.5
2022年第4四半期,杉並区,637555.5555555555
2022年第4四半期,東久留米市,209090.9090909091
2022年第4四半期,東大和市,157125.0
2022年第4四半期,東村山市,245133.33333333334
2022年第4四半期,板橋区,531111.1111111111
2022年第4四半期,武蔵村山市,119250.0
2022年第4四半期,武蔵野市,671111.1111111111
2022年第4四半期,江戸川区,421456.52173913043
2022年第4四半期,江東区,925294.1176470588
2022年第4四半期,清瀬市,236250.0
2022年第4四半期,渋谷区,2005333.3333333333
2022年第4四半期,港区,4550000.0
2022年第4四半期,狛江市,300300.0
2022年第4四半期,町田市,161868.42105263157
2022年第4四半期,目黒区,1252592.5925925926
2022年第4四半期,福生市,207500.0
2022年第4四半期,稲城市,188600.0
2022年第4四半期,立川市,348357.14285714284
2022年第4四半期,練馬区,464690.9090909091
2022年第4四半期,羽村市,195000.0
2022年第4四半期,荒川区,898000.0
2022年第4四半期,葛飾区,394473.6842105263
2022年第4四半期,西多摩郡奥多摩町,8050.0
2022年第4四半期,西多摩郡日の出町,78000.0
2022年第4四半期,西多摩郡檜原村,13000.0
2022年第4四半期,西多摩郡瑞穂町,73708.33333333333
2022年第4四半期,西東京市,358823.5294117647
2022年第4四半期,調布市,464117.64705882355
2022年第4四半期,豊島区,988095.2380952381
2022年第4四半期,足立区,378859.375
2022年第4四半期,青梅市,66930.0
2023年第1四半期,あきる野市,89692.30769230769
2023年第1四半期,三鷹市,446578.94736842107
2023年第1四半期,世田谷区,812613.6363636364
2023年第1四半期,中央区,3883333.3333333335
2023年第1四半期,中野区,806666.6666666666
2023年第1四半期,八丈町,900.0
2023年第1四半期,八王子市,147232.14285714287
2023年第1四半期,北区,689642.8571428572
2023年第1四半期,千代田区,4600000.0
2023年第1四半期,台東区,1415000.0
2023年第1四半期,品川区,1119000.0
2023年第1四半期,国分寺市,379375.0
2023年第1四半期,国立市,390000.0
2023年第1四半期,墨田区,995571.4285714285
2023年第1四半期,多摩市,207800.0
2023年第1四半期,大島町,5700.0
2023年第1四半期,大田区,658644.0677966102
2023年第1四半期,小平市,291428.5714285714
2023年第1四半期,小笠原村,30000.0
2023年第1四半期,小金井市,411666.6666666667
2023年第1四半期,府中市,275944.44444444444
2023年第1四半期,文京区,1318666.6666666667
2023年第1四半期,新宿区,983500.0
2023年第1四半期,日野市,191888.88888888888
2023年第1四半期,昭島市,220714.2857142857
2023年第1四半期,杉並区,716739.1304347826
2023年第1四半期,東久留米市,219600.0
2023年第1四半期,東大和市,173545.45454545456
2023年第1四半期,東村山市,270846.1538461539
2023年第1四半期,板橋区,563103.448275862
2023年第1四半期,武蔵村山市,141500.0
2023年第1四半期,武蔵野市,666470.5882352941
2023年第1四半期,江戸川区,408454.54545454547
2023年第1四半期,江東区,908125.0
2023年第1四半期,清瀬市,296000.0
2023年第1四半期,渋谷区,2085000.0
2023年第1四半期,港区,2757142.8571428573
2023年第1四半期,狛江市,362142.85714285716
2023年第1四半期,町田市,167407.54716981133
2023年第1四半期,目黒区,1140740.7407407407
2023年第1四半期,福生市,168833.33333333334
2023年第1四半期,稲城市,151777.77777777778
2023年第1四半期,立川市,369230.76923076925
2023年第1四半期,練馬区,485185.18518518517
2023年第1四半期,羽村市,199923.07692307694
2023年第1四半期,荒川区,629259.2592592592
2023年第1四半期,葛飾区,346162.1621621622
2023年第1四半期,西多摩郡日の出町,6000.0
2023年第1四半期,西多摩郡瑞穂町,104666.66666666667
2023年第1四半期,西東京市,310666.6666666667
2023年第1四半期,調布市,346964.28571428574
2023年第1四半期,豊島区,832857.1428571428
2023年第1四半期,足立区,368235.48387096776
2023年第1四半期,青梅市,93691.30434782608
2023年第2四半期,あきる野市,92615.38461538461
2023年第2四半期,三鷹市,516923.07692307694
2023年第2四半期,世田谷区,930000.0
2023年第2四半期,中央区,1284000.0
2023年第2四半期,中野区,871363.6363636364
2023年第2四半期,八丈町,3450.0
2023年第2四半期,八王子市,142551.02040816325
2023年第2四半期,北区,804137.9310344828
2023年第2四半期,千代田区,6966666.666666667
2023年第2四半期,台東区,1682380.9523809524
2023年第2四半期,品川区,1052941.1764705882
2023年第2四半期,国分寺市,353333.3333333333
2023年第2四半期,国立市,258750.0
2023年第2四半期,墨田区,776000.0
2023年第2四半期,多摩市,197166.66666666666
2023年第2四半期,大島町,150.0
2023年第2四半期,大田区,702272.7272727273
2023年第2四半期,小平市,300636.36363636365
2023年第2四半期,小笠原村,40666.666666666664
2023年第2四半期,小金井市,455000.0
2023年第2四半期,府中市,337055.55555555556
2023年第2四半期,文京区,1856833.3333333333
2023年第2四半期,新宿区,1231785.7142857143
2023年第2四半期,日野市,234384.61538461538
2023年第2四半期,昭島市,232857.14285714287
2023年第2四半期,杉並区,768541.6666666666
2023年第2四半期,東久留米市,250625.0
2023年第2四半期,東大和市,169181.81818181818
2023年第2四半期,東村山市,200521.73913043478
2023年第2四半期,板橋区,582500.0
2023年第2四半期,武蔵村山市,123272.72727272728
2023年第2四半期,武蔵野市,614166.6666666666
2023年第2四半期,江戸川区,341850.0
2023年第2四半期,江東区,863000.0
2023年第2四半期,清瀬市,208380.0
2023年第2四半期,渋谷区,2281111.111111111
2023年第2四半期,港区,4371428.571428572
2023年第2四半期,狛江市,401000.0
2023年第2四半期,町田市,179614.70588235295
2023年第2四半期,目黒区,1240476.1904761905
2023年第2四半期,福生市,167000.0
2023年第2四半期,稲城市,227222.22222222222
2023年第2四半期,立川市,343181.8181818182
2023年第2四半期,練馬区,544821.4285714285
2023年第2四半期,羽村市,160000.0
2023年第2四半期,荒川区,676666.6666666666
2023年第2四半期,葛飾区,310531.25
2023年第2四半期,西多摩郡日の出町,36000.0
2023年第2四半期,西多摩郡檜原村,21000.0
2023年第2四半期,西多摩郡瑞穂町,85428.57142857143
2023年第2四半期,西東京市,373529.4117647059
2023年第2四半期,調布市,369687.5
2023年第2四半期,豊島区,903157.8947368421
2023年第2四半期,足立区,407205.8823529412
2023年第2四半期,青梅市,68846.15384615384
2023年第3四半期,あきる野市,85400.90909090909
2023年第3四半期,三鷹市,445555.55555555556
2023年第3四半期,世田谷区,808265.306122449
2023年第3四半期,中央区,2066666.6666666667
2023年第3四半期,中野区,784705.8823529412
2023年第3四半期,八丈町,2105.0
2023年第3四半期,八王子市,124844.68085106384
2023年第3四半期,北区,645000.0
2023年第3四半期,千代田区,2800000.0
2023年第3四半期,台東区,1011666.6666666666
2023年第3四半期,品川区,1151785.7142857143
2023年第3四半期,国分寺市,365000.0
2023年第3四半期,国立市,448571.4285714286
2023年第3四半期,墨田区,824111.1111111111
2023年第3四半期,多摩市,222857.14285714287
2023年第3四半期,大島町,4270.0
2023年第3四半期,大田区,681484.8484848485
2023年第3四半期,小平市,225230.76923076922
2023年第3四半期,小金井市,380833.3333333333
2023年第3四半期,府中市,589545.4545454546
2023年第3四半期,文京区,1183529.4117647058
2023年第3四半期,新宿区,1310400.0
2023年第3四半期,新島村,1900.0
2023年第3四半期,日野市,213000.0
2023年第3四半期,昭島市,212363.63636363635
2023年第3四半期,杉並区,719978.7234042553
2023年第3四半期,東久留米市,291833.3333333333
2023年第3四半期,東大和市,412333.3333333333
2023年第3四半期,東村山市,211428.57142857142
2023年第3四半期,板橋区,529444.4444444445
2023年第3四半期,武蔵村山市,123307.69230769231
2023年第3四半期,武蔵野市,675000.0
2023年第3四半期,江戸川区,493513.5135135135
2023年第3四半期,江東区,805625.0
2023年第3四半期,清瀬市,229750.0
2023年第3四半期,渋谷区,2874117.6470588236
2023年第3四半期,港区,4013333.3333333335
2023年第3四半期,狛江市,385000.0
2023年第3四半期,町田市,193491.48936170212
2023年第3四半期,目黒区,1189769.2307692308
2023年第3四半期,福生市,141000.0
2023年第3四半期,稲城市,330000.0
2023年第3四半期,立川市,327000.0
2023年第3四半期,練馬区,539304.3478260869
2023年第3四半期,羽村市,155000.0
2023年第3四半期,荒川区,642500.0
2023年第3四半期,葛飾区,371428.5714285714
2023年第3四半期,西多摩郡檜原村,1700.0
2023年第3四半期,西多摩郡瑞穂町,140600.0
2023年第3四半期,西東京市,358812.5
2023年第3四半期,調布市,474411.76470588235
2023年第3四半期,豊島区,1101111.111111111
2023年第3四半期,足立区,459047.61904761905
2023年第3四半期,青梅市,90900.0
2023年第4四半期,あきる野市,64323.07692307692
2023年第4四半期,三鷹市,430000.0
2023年第4四半期,世田谷区,849310.3448275862
2023年第4四半期,中央区,2550000.0
2023年第4四半期,中野区,693076.9230769231
2023年第4四半期,八丈町,3200.0
2023年第4四半期,八王子市,138286.0
2023年第4四半期,北区,693225.8064516129
2023年第4四半期,千代田区,280000.0
2023年第4四半期,台東区,1605833.3333333333
2023年第4四半期,品川区,1057272.7272727273
2023年第4四半期,国分寺市,374545.45454545453
2023年第4四半期,国立市,469000.0
2023年第4四半期,墨田区,828333.3333333334
2023年第4四半期,多摩市,202500.0
2023年第4四半期,大島町,5466.666666666667
2023年第4四半期,大田区,691953.8461538461
2023年第4四半期,小平市,262500.0
2023年第4四半期,小金井市,427692.3076923077
2023年第4四半期,府中市,334166.6666666667
2023年第4四半期,文京区,1367142.857142857
2023年第4四半期,新宿区,1492142.857142857
2023年第4四半期,日野市,256625.0
2023年第4四半期,昭島市,208000.0
2023年第4四半期,杉並区,700000.0
2023年第4四半期,東久留米市,269090.9090909091
2023年第4四半期,東大和市,184166.66666666666
2023年第4四半期,東村山市,242875.0
2023年第4四半期,板橋区,515000.0
2023年第4四半期,武蔵村山市,148500.0
2023年第4四半期,武蔵野市,697500.0
2023年第4四半期,江戸川区,405161.29032258067
2023年第4四半期,江東区,655714.2857142857
2023年第4四半期,清瀬市,184333.33333333334
2023年第4四半期,渋谷区,1788666.6666666667
2023年第4四半期,港区,3080000.0
2023年第4四半期,狛江市,340000.0
2023年第4四半期,町田市,166634.83333333334
2023年第4四半期,目黒区,1166666.6666666667
2023年第4四半期,福生市,160800.0
2023年第4四半期,稲城市,310727.2727272727
2023年第4四半期,立川市,301588.23529411765
2023年第4四半期,練馬区,513829.78723404254
2023年第4四半期,羽村市,182222.22222222222
2023年第4四半期,荒川区,777500.0
2023年第4四半期,葛飾区,408181.8181818182
2023年第4四半期,西多摩郡日の出町,44000.0
2023年第4四半期,西多摩郡瑞穂町,94333.33333333333
2023年第4四半期,西東京市,308125.0
2023年第4四半期,調布市,392235.29411764705
2023年第4四半期,豊島区,992666.6666666666
2023年第4四半期,足立区,373170.73170731706
2023年第4四半期,青梅市,81772.22222222222
2024年第1四半期,あきる野市,69700.0
2024年第1四半期,三鷹市,541818.1818181818
2024年第1四半期,世田谷区,849750.0
2024年第1四半期,中央区,6200000.0
2024年第1四半期,中野区,682857.1428571428
2024年第1四半期,八丈町,10350.0
2024年第1四半期,八王子市,120094.5945945946
2024年第1四半期,北区,627000.0
2024年第1四半期,台東区,1626957.142857143
2024年第1四半期,品川区,797500.0
2024年第1四半期,国分寺市,416666.6666666667
2024年第1四半期,国立市,483333.3333333333
2024年第1四半期,墨田区,836428.5714285715
2024年第1四半期,多摩市,170000.0
2024年第1四半期,大田区,605909.0909090909
2024年第1四半期,小平市,270000.0
2024年第1四半期,小笠原村,30000.0
2024年第1四半期,小金井市,450000.0
2024年第1四半期,府中市,459375.0
2024年第1四半期,文京区,976666.6666666666
2024年第1四半期,新宿区,1376250.0
2024年第1四半期,日野市,225750.0
2024年第1四半期,昭島市,151500.0
2024年第1四半期,杉並区,775384.6153846154
2024年第1四半期,東久留米市,265714.28571428574
2024年第1四半期,東大和市,200000.0
2024年第1四半期,東村山市,242500.0
2024年第1四半期,板橋区,620555.5555555555
2024年第1四半期,武蔵村山市,113000.0
2024年第1四半期,武蔵野市,744000.0
2024年第1四半期,江戸川区,526250.0
2024年第1四半期,江東区,1460000.0
2024年第1四半期,清瀬市,151500.0
2024年第1四半期,渋谷区,2063333.3333333333
2024年第1四半期,港区,8062500.0
2024年第1四半期,狛江市,435000.0
2024年第1四半期,町田市,229684.2105263158
2024年第1四半期,目黒区,1016428.5714285715
2024年第1四半期,福生市,221666.66666666666
2024年第1四半期,稲城市,222500.0
2024年第1四半期,立川市,342857.14285714284
2024年第1四半期,練馬区,452692.3076923077
2024年第1四半期,羽村市,130000.0
2024年第1四半期,荒川区,739000.0
2024年第1四半期,葛飾区,409500.0
2024年第1四半期,西多摩郡瑞穂町,65500.0
2024年第1四半期,西東京市,370000.0
2024年第1四半期,調布市,398692.3076923077
2024年第1四半期,豊島区,1017000.0
2024年第1四半期,足立区,354333.3333333333
2024年第1四半期,青梅市,88833.33333333333
